id;line_one;line_two;apt_no;city;state;country;pin_code
1;mindshare Interactions Versatile;Frozen Rubber line;navigating Sports;Gibsonfurt;Passage JSON supply-chains;Cape Verde;"40000"
2;Berkshire Buckinghamshire;Account;purple Credit Developer;South Chanelview;invoice;Suriname;"50000"
3;Designer the;solution policy Grove;Bike Timor-Leste grow;New Shyannfurt;Toys contextually-based Sausages;Guernsey;"90000"
4;Soap Account;Shoes;HTTP grow USB;New Isabelle;Bacon morph;Tajikistan;"70000"
5;projection Taka JBOD;Accounts blue invoice;Administrator Borders Greece;Virginia Beach;input Account;Poland;"20000"
6;Account Tasty;Identity;Architect;West Braxtonfurt;Account;New Caledonia;"60000"
7;calculating;Shoes;circuit;East Fermin;Identity Savings;Brazil;"70000"
8;systematic Avon analyzer;regional Regional withdrawal;Plastic Investor back;East Madonnahaven;Forward;Ethiopia;"10000"
9;navigate infrastructures;Tasty Soft olive;Anguilla;Beahanchester;maximize Qatar Awesome;Croatia;"20000"
10;Euro Chicken;users SDD;Mouse grow;Bernierland;District local turquoise;Jamaica;"30000"
